{
  "Black_Hair": 0.2809784710407257,
  "Blond_Hair": 0.0,
  "Brown_Hair": 0.0,
  "Bushy_Eyebrows": 0.09875862300395966,
  "Arched_Eyebrows": 0.0,
  "Straight_Hair": 0.32955649495124817,
  "Wavy_Hair": 0.0,
  "No_Beard": 0.6904897689819336,
  "Oval_Face": 0.0,
  "Pale_Skin": 0.0,
  "Pointy_Nose": 0.0,
  "Receding_Hairline": 0.0,
  "Mustache": 0.0,
  "Big_Lips": 0.0,
  "Big_Nose": 0.0,
  "Bald": 0.0
}