{
  "Black_Hair": 0.2716362774372101,
  "Blond_Hair": 0.0,
  "Brown_Hair": 0.0,
  "Bushy_Eyebrows": 0.19894108176231384,
  "Arched_Eyebrows": 0.0,
  "Straight_Hair": 0.3104051649570465,
  "Wavy_Hair": 0.0,
  "No_Beard": 0.0,
  "Oval_Face": 0.0,
  "Pale_Skin": 0.0,
  "Pointy_Nose": 0.30453184247016907,
  "Receding_Hairline": 0.0,
  "Mustache": 0.38861942291259766,
  "Big_Lips": 0.0,
  "Big_Nose": 0.38594451546669006,
  "Bald": 0.0
}