{
  "Straight_Hair": 0.15510118007659912,
  "Wavy_Hair": 0.1781282126903534,
  "No_Beard": 0.5721468925476074,
  "Oval_Face": 0.2065851092338562,
  "Pale_Skin": 0.06219469755887985,
  "Pointy_Nose": 0.1860957145690918,
  "Receding_Hairline": 0.05691933259367943,
  "Mustache": 0.12436030805110931,
  "Big_Lips": 0.3426227271556854,
  "Big_Nose": 0.4073232114315033,
  "Black_Hair": 0.14740407466888428,
  "Blond_Hair": 0.08257108181715012,
  "Brown_Hair": 0.19529516994953156,
  "Bushy_Eyebrows": 0.16125676035881042,
  "Arched_Eyebrows": 0.06740842759609222,
  "Bald": 0.019540367648005486
}