{
  "Black_Hair": 0.0,
  "Blond_Hair": 0.0,
  "Brown_Hair": 0.19529516994953156,
  "Bushy_Eyebrows": 0.16125676035881042,
  "Arched_Eyebrows": 0.0,
  "Straight_Hair": 0.0,
  "Wavy_Hair": 0.1781282126903534,
  "No_Beard": 0.5721468925476074,
  "Oval_Face": 0.0,
  "Pale_Skin": 0.0,
  "Pointy_Nose": 0.0,
  "Receding_Hairline": 0.0,
  "Mustache": 0.0,
  "Big_Lips": 0.0,
  "Big_Nose": 0.0,
  "Bald": 0.0
}