{
  "Straight_Hair": 0.3093065321445465,
  "Wavy_Hair": 0.14658179879188538,
  "No_Beard": 0.6628457307815552,
  "Oval_Face": 0.19043943285942078,
  "Pale_Skin": 0.16160649061203003,
  "Pointy_Nose": 0.25257137417793274,
  "Receding_Hairline": 0.1639062911272049,
  "Mustache": 0.08659281581640244,
  "Big_Lips": 0.2481982707977295,
  "Big_Nose": 0.25069743394851685,
  "Black_Hair": 0.2924985885620117,
  "Blond_Hair": 0.0939992144703865,
  "Brown_Hair": 0.15803122520446777,
  "Bushy_Eyebrows": 0.11331938207149506,
  "Arched_Eyebrows": 0.07083335518836975,
  "Bald": 0.06183776259422302
}