{
  "Black_Hair": 0.5393072962760925,
  "Blond_Hair": 0.0,
  "Brown_Hair": 0.0,
  "Bushy_Eyebrows": 0.0,
  "Arched_Eyebrows": 0.287837415933609,
  "Straight_Hair": 0.3956994116306305,
  "Wavy_Hair": 0.0,
  "No_Beard": 0.6830326914787292,
  "Oval_Face": 0.0,
  "Pale_Skin": 0.0,
  "Pointy_Nose": 0.0,
  "Receding_Hairline": 0.0,
  "Mustache": 0.0,
  "Big_Lips": 0.0,
  "Big_Nose": 0.0,
  "Bald": 0.0
}