{
  "Black_Hair": 0.4041501581668854,
  "Blond_Hair": 0.0,
  "Brown_Hair": 0.0,
  "Bushy_Eyebrows": 0.0,
  "Arched_Eyebrows": 0.11300598829984665,
  "Straight_Hair": 0.25843602418899536,
  "Wavy_Hair": 0.0,
  "No_Beard": 0.623245358467102,
  "Oval_Face": 0.0,
  "Pale_Skin": 0.0,
  "Pointy_Nose": 0.0,
  "Receding_Hairline": 0.0,
  "Mustache": 0.0,
  "Big_Lips": 0.0,
  "Big_Nose": 0.0,
  "Bald": 0.0
}